Workbook

Sheet README
A1: Provider Directory Accuracy Audit
A3: WHY THIS MATTERS
A4: Health plans are required to keep provider directories accurate. CMS national reviews have found that roughly half of provider
A5: directory locations contain at least one inaccuracy, most commonly wrong phone numbers, incorrect addresses, or outdated patient
A6: acceptance status. Under the No Surprises Act, plans must verify every provider record at least once every 90 days and process
A7: updates within two business days. This project simulates that reconciliation process.
A9: DATA SOURCES
A10: Provider_Source: 200 individual providers (NPI-1) pulled from the CMS NPPES API for the Orlando, FL metro area on 2026-07-10.
A11: Source of truth for provider name, specialty, practice address, and phone. Network status and patient acceptance are simulated
A12: plan-side attributes. Directory_Output: a copy of the source data with realistic errors introduced into 18% of records across
A13: five fields, matching the error types identified in CMS provider directory audits.
A15: METHODOLOGY
... A32: Excel (NPPES API pull, XLOOKUP, conditional formatting, formula-driven summary) and Power BI (star schema, DAX).

Sheet Provider_Source
A1: NPI | B1: Provider Name | C1: Specialty | D1: Address Line 1 | E1: City | F1: State | G1: Zip | H1: Phone | I1: Network Status | J1: Accepting New Patients
A2: 1104141738 | B2: Shadi 'Ashrafi, MD | C2: Student in an Organized Health Care Education/Training Program | D2: 1414 Kuhl Ave | E2: Orlando | F2: FL | G2: 32806 | H2: 321-841-8933 | I2: In-Network | J2: Yes
A3: 1013447317 | B3: Danielle Aaron, CRNP | C3: Nurse Practitioner, Women's Health | D3: 139 Centre St Ph 120 | E3: New York | F3: NY | G3: 10013 | H3: 888-731-8994 | I3: In-Network | J3: Yes
A4: 1457770232 | B4: Grant Abadal, M.D. | C4: Radiology, Diagnostic Radiology | D4: 1200 7Th Ave N | E4: St Petersburg | F4: FL | G4: 33705 | H4: 727-825-1100 | I4: In-Network | J4: Yes
A5: 1093210858 | B5: Andrew Abadeer, MD | C5: Plastic Surgery | D5: 2 Tampa General Cir | E5: Tampa | F5: FL | G5: 33606 | H5: 813-821-8038 | I5: In-Network | J5: Yes
A6: 1043145873 | B6: Manuela Abadia Cadelo | C6: Behavior Technician | D6: 2000 N Alafaya Trl | E6: Orlando | F6: FL | G6: 32826 | H6: 888-518-8560 | I6: In-Network | J6: Yes
A7: 1346601572 | B7: Claudia Abalo | C7: Counselor, Mental Health | D7: 1800 Mercy Dr | E7: Orlando | F7: FL | G7: 32808 | H7: 407-875-3700 | I7: In-Network | J7: Yes
A8: 1902184138 | B8: Mona Abankwa, APN | C8: Nurse Practitioner, Family | D8: 111 N Orange Ave Ste 800 | E8: Orlando | F8: FL | G8: 32801 | H8: 888-731-8994 | I8: In-Network | J8: Yes
A9: 1609109644 | B9: Kasey Abanonu, MD | C9: Internal Medicine | D9: 4919 W Craig Rd | E9: Las Vegas | F9: NV | G9: 89130 | H9: 725-220-8706 | I9: In-Network | J9: Yes
A10: 1104192426 | B10: John Abarca | C10: Physical Therapist | D10: 12124 High Tech Ave | E10: Orlando | F10: FL | G10: 32817 | H10: 800-774-7785 | I10: In-Network | J10: Yes
A11: 1275708141 | B11: Monica Abare, PA-C | C11: Physician Assistant | D11: 818 Main Ln | E11: Orlando | F11: FL | G11: 32801 | H11: 321-841-5212 | I11: In-Network | J11: Yes
A12: 1356064091 | B12: Arif Abass, Pharm.D. | C12: Pharmacist | D12: 13800 Veterans Way | E12: Orlando | F12: FL | G12: 32827 | H12: 407-631-2869 | I12: In-Network | J12: Yes
A13: 1295110765 | B13: Awad Abass, PA-C | C13: Physician Assistant, Medical | D13: 89 W Copeland Dr | E13: Orlando | F13: FL | G13: 32806 | H13: 321-841-7550 | I13: In-Network | J13: Yes
... A201: 1891454823 | B201: Wescendy Adam | C201: Social Worker, Clinical | D201: 13803 Amberleigh Rd | E201: Orlando | F201: FL | G201: 32837 | H201: 407-989-8565 | I201: In-Network | J201: Yes

Sheet Directory_Output
A1: NPI | B1: Provider Name | C1: Specialty | D1: Address Line 1 | E1: City | F1: State | G1: Zip | H1: Phone | I1: Network Status | J1: Accepting New Patients
A2: 1497702542 | B2: Adel Abdalla, M.D. | C2: Radiology, Diagnostic Radiology | D2: 11253 S Apopka Vineland Rd | E2: Orlando | F2: FL | G2: 32836 | H2: 407-745-1481 | I2: In-Network | J2: No
A3: 1376868315 | B3: Sasha Abdool, DC | C3: Chiropractor | D3: 2053 Americana Blvd | E3: Orlando | F3: FL | G3: 32839 | H3: 407-852-7046 | I3: In-Network | J3: Yes
A4: 1275238214 | B4: Jordan Abney, MD | C4: Emergency Medicine | D4: 2500 N State St | E4: Jackson | F4: MS | G4: 39216 | H4: 601-984-1000 | I4: In-Network | J4: Yes
A5: 1962348318 | B5: Valeria Acevedo | C5: Behavior Technician | D5: 1717 S Orange Ave | E5: Orlando | F5: FL | G5: 32806 | H5: 689-208-5057 | I5: In-Network | J5: Yes
A6: 1457004079 | B6: Dina Abdel Shafy | C6: Behavior Technician | D6: 6000 Turkey Lake Rd Ste 114 | E6: Orlando | F6: FL | G6: 32819 | H6: 321-732-3723 | I6: Out-of-Network | J6: Yes
A7: 1477639409 | B7: Jason Acosta, M.D. | C7: Anesthesiology | D7: 601 E Rollins St | E7: Orlando | F7: FL | G7: 32803 | H7: 407-667-0444 | I7: Out-of-Network | J7: Yes
A8: 1568483808 | B8: April Ace, J.D., Ph.D. | C8: Specialist | D8: 5201 Raymond St | E8: Orlando | F8: FL | G8: 32803 | H8: 321-397-6231 | I8: In-Network | J8: No
A9: 1336827575 | B9: Lisa Abney | C9: Behavior Technician | D9: 1809 William St | E9: Fredericksburg | F9: VA | G9: 22401 | H9: 540-922-5821 | I9: In-Network | J9: Yes
A10: 1730164377 | B10: Jorge Acosta, M.D. | C10: Anesthesiology | D10: 119 Oakfield Dr | E10: Brandon | F10: FL | G10: 33511 | H10: 813-985-5992 | I10: Out-of-Network | J10: Yes
A11: 1578859484 | B11: Kingsley Abode-Iyamah, M.D. | C11: Neurological Surgery | D11: 4500 San Pablo Rd S | E11: Jacksonville | F11: FL | G11: 32224 | H11: 904-953-2000 | I11: In-Network | J11: No
A12: 1164797379 | B12: Saubira Adam, M.A. CCC-SLP | C12: Speech-Language Pathologist, | D12: 8139 Bear Claw Run | E12: Orlando | F12: FL | G12: 32825 | H12: 407-967-6727 | I12: In-Network | J12: No
A13: 1699729723 | B13: Syed Abbas, md | C13: Internal Medicine, Cardiovascular Disease | D13: 5201 Raymond St | E13: Orlando | F13: FL | G13: 32803 | H13: 407-629-1599 | I13: In-Network | J13: No
... A201: 1366881161 | B201: Hanin Abou Ayash, M.D. | C201: Pediatrics | D201: 930 S Main St | E201: Labelle | F201: FL | G201: 33935 | H201: 863-675-0160 | I201: In-Network | J201: Yes

Sheet Audit
A1: NPI | B1: Provider Name | C1: Phone (Source) | D1: Phone (Directory) | E1: Phone Check | F1: Address (Source) | G1: Address (Directory) | H1: Address Check | I1: Specialty (Source) | J1: Specialty (Directory) | K1: Specialty Check | L1: Network (Source) | M1: Network (Directory) | N1: Network Check | O1: Accepting (Source) | P1: Accepting (Directory) | Q1: Accepting Check | R1: Discrepancy Count | S1: Record Status
A2: =Provider_Source!A2 | B2: =Provider_Source!B2 | C2: =Provider_Source!H2 | D2: =XLOOKUP($A2,Directory_Output!$A$2:$A$201,Directory_Output!$H$2:$H$201,"NOT FOUND") | E2: =IF(C2=D2,"Match","MISMATCH") | F2: =Provider_Source!D2 | G2: =XLOOKUP($A2,Directory_Output!$A$2:$A$201,Directory_Output!$D$2:$D$201,"NOT FOUND") | H2: =IF(F2=G2,"Match","MISMATCH") | I2: =Provider_Source!C2 | J2: =XLOOKUP($A2,Directory_Output!$A$2:$A$201,Directory_Output!$C$2:$C$201,"NOT FOUND") | K2: =IF(I2=J2,"Match","MISMATCH") | L2: =Provider_Source!I2 | M2: =XLOOKUP($A2,Directory_Output!$A$2:$A$201,Directory_Output!$I$2:$I$201,"NOT FOUND") | N2: =IF(L2=M2,"Match","MISMATCH") | O2: =Provider_Source!J2 | P2: =XLOOKUP($A2,Directory_Output!$A$2:$A$201,Directory_Output!$J$2:$J$201,"NOT FOUND") | Q2: =IF(O2=P2,"Match","MISMATCH") | R2: =COUNTIF(E2:Q2,"MISMATCH") | S2: =IF(R2=0,"Clean","Needs Review")
A3: =Provider_Source!A3 | B3: =Provider_Source!B3 | C3: =Provider_Source!H3 | D3: =XLOOKUP($A3,Directory_Output!$A$2:$A$201,Directory_Output!$H$2:$H$201,"NOT FOUND") | E3: =IF(C3=D3,"Match","MISMATCH") | F3: =Provider_Source!D3 | G3: =XLOOKUP($A3,Directory_Output!$A$2:$A$201,Directory_Output!$D$2:$D$201,"NOT FOUND") | H3: =IF(F3=G3,"Match","MISMATCH") | I3: =Provider_Source!C3 | J3: =XLOOKUP($A3,Directory_Output!$A$2:$A$201,Directory_Output!$C$2:$C$201,"NOT FOUND") | K3: =IF(I3=J3,"Match","MISMATCH") | L3: =Provider_Source!I3 | M3: =XLOOKUP($A3,Directory_Output!$A$2:$A$201,Directory_Output!$I$2:$I$201,"NOT FOUND") | N3: =IF(L3=M3,"Match","MISMATCH") | O3: =Provider_Source!J3 | P3: =XLOOKUP($A3,Directory_Output!$A$2:$A$201,Directory_Output!$J$2:$J$201,"NOT FOUND") | Q3: =IF(O3=P3,"Match","MISMATCH") | R3: =COUNTIF(E3:Q3,"MISMATCH") | S3: =IF(R3=0,"Clean","Needs Review")
A4: =Provider_Source!A4 | B4: =Provider_Source!B4 | C4: =Provider_Source!H4 | D4: =XLOOKUP($A4,Directory_Output!$A$2:$A$201,Directory_Output!$H$2:$H$201,"NOT FOUND") | E4: =IF(C4=D4,"Match","MISMATCH") | F4: =Provider_Source!D4 | G4: =XLOOKUP($A4,Directory_Output!$A$2:$A$201,Directory_Output!$D$2:$D$201,"NOT FOUND") | H4: =IF(F4=G4,"Match","MISMATCH") | I4: =Provider_Source!C4 | J4: =XLOOKUP($A4,Directory_Output!$A$2:$A$201,Directory_Output!$C$2:$C$201,"NOT FOUND") | K4: =IF(I4=J4,"Match","MISMATCH") | L4: =Provider_Source!I4 | M4: =XLOOKUP($A4,Directory_Output!$A$2:$A$201,Directory_Output!$I$2:$I$201,"NOT FOUND") | N4: =IF(L4=M4,"Match","MISMATCH") | O4: =Provider_Source!J4 | P4: =XLOOKUP($A4,Directory_Output!$A$2:$A$201,Directory_Output!$J$2:$J$201,"NOT FOUND") | Q4: =IF(O4=P4,"Match","MISMATCH") | R4: =COUNTIF(E4:Q4,"MISMATCH") | S4: =IF(R4=0,"Clean","Needs Review")
A5: =Provider_Source!A5 | B5: =Provider_Source!B5 | C5: =Provider_Source!H5 | D5: =XLOOKUP($A5,Directory_Output!$A$2:$A$201,Directory_Output!$H$2:$H$201,"NOT FOUND") | E5: =IF(C5=D5,"Match","MISMATCH") | F5: =Provider_Source!D5 | G5: =XLOOKUP($A5,Directory_Output!$A$2:$A$201,Directory_Output!$D$2:$D$201,"NOT FOUND") | H5: =IF(F5=G5,"Match","MISMATCH") | I5: =Provider_Source!C5 | J5: =XLOOKUP($A5,Directory_Output!$A$2:$A$201,Directory_Output!$C$2:$C$201,"NOT FOUND") | K5: =IF(I5=J5,"Match","MISMATCH") | L5: =Provider_Source!I5 | M5: =XLOOKUP($A5,Directory_Output!$A$2:$A$201,Directory_Output!$I$2:$I$201,"NOT FOUND") | N5: =IF(L5=M5,"Match","MISMATCH") | O5: =Provider_Source!J5 | P5: =XLOOKUP($A5,Directory_Output!$A$2:$A$201,Directory_Output!$J$2:$J$201,"NOT FOUND") | Q5: =IF(O5=P5,"Match","MISMATCH") | R5: =COUNTIF(E5:Q5,"MISMATCH") | S5: =IF(R5=0,"Clean","Needs Review")
A6: =Provider_Source!A6 | B6: =Provider_Source!B6 | C6: =Provider_Source!H6 | D6: =XLOOKUP($A6,Directory_Output!$A$2:$A$201,Directory_Output!$H$2:$H$201,"NOT FOUND") | E6: =IF(C6=D6,"Match","MISMATCH") | F6: =Provider_Source!D6 | G6: =XLOOKUP($A6,Directory_Output!$A$2:$A$201,Directory_Output!$D$2:$D$201,"NOT FOUND") | H6: =IF(F6=G6,"Match","MISMATCH") | I6: =Provider_Source!C6 | J6: =XLOOKUP($A6,Directory_Output!$A$2:$A$201,Directory_Output!$C$2:$C$201,"NOT FOUND") | K6: =IF(I6=J6,"Match","MISMATCH") | L6: =Provider_Source!I6 | M6: =XLOOKUP($A6,Directory_Output!$A$2:$A$201,Directory_Output!$I$2:$I$201,"NOT FOUND") | N6: =IF(L6=M6,"Match","MISMATCH") | O6: =Provider_Source!J6 | P6: =XLOOKUP($A6,Directory_Output!$A$2:$A$201,Directory_Output!$J$2:$J$201,"NOT FOUND") | Q6: =IF(O6=P6,"Match","MISMATCH") | R6: =COUNTIF(E6:Q6,"MISMATCH") | S6: =IF(R6=0,"Clean","Needs Review")
A7: =Provider_Source!A7 | B7: =Provider_Source!B7 | C7: =Provider_Source!H7 | D7: =XLOOKUP($A7,Directory_Output!$A$2:$A$201,Directory_Output!$H$2:$H$201,"NOT FOUND") | E7: =IF(C7=D7,"Match","MISMATCH") | F7: =Provider_Source!D7 | G7: =XLOOKUP($A7,Directory_Output!$A$2:$A$201,Directory_Output!$D$2:$D$201,"NOT FOUND") | H7: =IF(F7=G7,"Match","MISMATCH") | I7: =Provider_Source!C7 | J7: =XLOOKUP($A7,Directory_Output!$A$2:$A$201,Directory_Output!$C$2:$C$201,"NOT FOUND") | K7: =IF(I7=J7,"Match","MISMATCH") | L7: =Provider_Source!I7 | M7: =XLOOKUP($A7,Directory_Output!$A$2:$A$201,Directory_Output!$I$2:$I$201,"NOT FOUND") | N7: =IF(L7=M7,"Match","MISMATCH") | O7: =Provider_Source!J7 | P7: =XLOOKUP($A7,Directory_Output!$A$2:$A$201,Directory_Output!$J$2:$J$201,"NOT FOUND") | Q7: =IF(O7=P7,"Match","MISMATCH") | R7: =COUNTIF(E7:Q7,"MISMATCH") | S7: =IF(R7=0,"Clean","Needs Review")
A8: =Provider_Source!A8 | B8: =Provider_Source!B8 | C8: =Provider_Source!H8 | D8: =XLOOKUP($A8,Directory_Output!$A$2:$A$201,Directory_Output!$H$2:$H$201,"NOT FOUND") | E8: =IF(C8=D8,"Match","MISMATCH") | F8: =Provider_Source!D8 | G8: =XLOOKUP($A8,Directory_Output!$A$2:$A$201,Directory_Output!$D$2:$D$201,"NOT FOUND") | H8: =IF(F8=G8,"Match","MISMATCH") | I8: =Provider_Source!C8 | J8: =XLOOKUP($A8,Directory_Output!$A$2:$A$201,Directory_Output!$C$2:$C$201,"NOT FOUND") | K8: =IF(I8=J8,"Match","MISMATCH") | L8: =Provider_Source!I8 | M8: =XLOOKUP($A8,Directory_Output!$A$2:$A$201,Directory_Output!$I$2:$I$201,"NOT FOUND") | N8: =IF(L8=M8,"Match","MISMATCH") | O8: =Provider_Source!J8 | P8: =XLOOKUP($A8,Directory_Output!$A$2:$A$201,Directory_Output!$J$2:$J$201,"NOT FOUND") | Q8: =IF(O8=P8,"Match","MISMATCH") | R8: =COUNTIF(E8:Q8,"MISMATCH") | S8: =IF(R8=0,"Clean","Needs Review")
A9: =Provider_Source!A9 | B9: =Provider_Source!B9 | C9: =Provider_Source!H9 | D9: =XLOOKUP($A9,Directory_Output!$A$2:$A$201,Directory_Output!$H$2:$H$201,"NOT FOUND") | E9: =IF(C9=D9,"Match","MISMATCH") | F9: =Provider_Source!D9 | G9: =XLOOKUP($A9,Directory_Output!$A$2:$A$201,Directory_Output!$D$2:$D$201,"NOT FOUND") | H9: =IF(F9=G9,"Match","MISMATCH") | I9: =Provider_Source!C9 | J9: =XLOOKUP($A9,Directory_Output!$A$2:$A$201,Directory_Output!$C$2:$C$201,"NOT FOUND") | K9: =IF(I9=J9,"Match","MISMATCH") | L9: =Provider_Source!I9 | M9: =XLOOKUP($A9,Directory_Output!$A$2:$A$201,Directory_Output!$I$2:$I$201,"NOT FOUND") | N9: =IF(L9=M9,"Match","MISMATCH") | O9: =Provider_Source!J9 | P9: =XLOOKUP($A9,Directory_Output!$A$2:$A$201,Directory_Output!$J$2:$J$201,"NOT FOUND") | Q9: =IF(O9=P9,"Match","MISMATCH") | R9: =COUNTIF(E9:Q9,"MISMATCH") | S9: =IF(R9=0,"Clean","Needs Review")
A10: =Provider_Source!A10 | B10: =Provider_Source!B10 | C10: =Provider_Source!H10 | D10: =XLOOKUP($A10,Directory_Output!$A$2:$A$201,Directory_Output!$H$2:$H$201,"NOT FOUND") | E10: =IF(C10=D10,"Match","MISMATCH") | F10: =Provider_Source!D10 | G10: =XLOOKUP($A10,Directory_Output!$A$2:$A$201,Directory_Output!$D$2:$D$201,"NOT FOUND") | H10: =IF(F10=G10,"Match","MISMATCH") | I10: =Provider_Source!C10 | J10: =XLOOKUP($A10,Directory_Output!$A$2:$A$201,Directory_Output!$C$2:$C$201,"NOT FOUND") | K10: =IF(I10=J10,"Match","MISMATCH") | L10: =Provider_Source!I10 | M10: =XLOOKUP($A10,Directory_Output!$A$2:$A$201,Directory_Output!$I$2:$I$201,"NOT FOUND") | N10: =IF(L10=M10,"Match","MISMATCH") | O10: =Provider_Source!J10 | P10: =XLOOKUP($A10,Directory_Output!$A$2:$A$201,Directory_Output!$J$2:$J$201,"NOT FOUND") | Q10: =IF(O10=P10,"Match","MISMATCH") | R10: =COUNTIF(E10:Q10,"MISMATCH") | S10: =IF(R10=0,"Clean","Needs Review")
A11: =Provider_Source!A11 | B11: =Provider_Source!B11 | C11: =Provider_Source!H11 | D11: =XLOOKUP($A11,Directory_Output!$A$2:$A$201,Directory_Output!$H$2:$H$201,"NOT FOUND") | E11: =IF(C11=D11,"Match","MISMATCH") | F11: =Provider_Source!D11 | G11: =XLOOKUP($A11,Directory_Output!$A$2:$A$201,Directory_Output!$D$2:$D$201,"NOT FOUND") | H11: =IF(F11=G11,"Match","MISMATCH") | I11: =Provider_Source!C11 | J11: =XLOOKUP($A11,Directory_Output!$A$2:$A$201,Directory_Output!$C$2:$C$201,"NOT FOUND") | K11: =IF(I11=J11,"Match","MISMATCH") | L11: =Provider_Source!I11 | M11: =XLOOKUP($A11,Directory_Output!$A$2:$A$201,Directory_Output!$I$2:$I$201,"NOT FOUND") | N11: =IF(L11=M11,"Match","MISMATCH") | O11: =Provider_Source!J11 | P11: =XLOOKUP($A11,Directory_Output!$A$2:$A$201,Directory_Output!$J$2:$J$201,"NOT FOUND") | Q11: =IF(O11=P11,"Match","MISMATCH") | R11: =COUNTIF(E11:Q11,"MISMATCH") | S11: =IF(R11=0,"Clean","Needs Review")
A12: =Provider_Source!A12 | B12: =Provider_Source!B12 | C12: =Provider_Source!H12 | D12: =XLOOKUP($A12,Directory_Output!$A$2:$A$201,Directory_Output!$H$2:$H$201,"NOT FOUND") | E12: =IF(C12=D12,"Match","MISMATCH") | F12: =Provider_Source!D12 | G12: =XLOOKUP($A12,Directory_Output!$A$2:$A$201,Directory_Output!$D$2:$D$201,"NOT FOUND") | H12: =IF(F12=G12,"Match","MISMATCH") | I12: =Provider_Source!C12 | J12: =XLOOKUP($A12,Directory_Output!$A$2:$A$201,Directory_Output!$C$2:$C$201,"NOT FOUND") | K12: =IF(I12=J12,"Match","MISMATCH") | L12: =Provider_Source!I12 | M12: =XLOOKUP($A12,Directory_Output!$A$2:$A$201,Directory_Output!$I$2:$I$201,"NOT FOUND") | N12: =IF(L12=M12,"Match","MISMATCH") | O12: =Provider_Source!J12 | P12: =XLOOKUP($A12,Directory_Output!$A$2:$A$201,Directory_Output!$J$2:$J$201,"NOT FOUND") | Q12: =IF(O12=P12,"Match","MISMATCH") | R12: =COUNTIF(E12:Q12,"MISMATCH") | S12: =IF(R12=0,"Clean","Needs Review")
A13: =Provider_Source!A13 | B13: =Provider_Source!B13 | C13: =Provider_Source!H13 | D13: =XLOOKUP($A13,Directory_Output!$A$2:$A$201,Directory_Output!$H$2:$H$201,"NOT FOUND") | E13: =IF(C13=D13,"Match","MISMATCH") | F13: =Provider_Source!D13 | G13: =XLOOKUP($A13,Directory_Output!$A$2:$A$201,Directory_Output!$D$2:$D$201,"NOT FOUND") | H13: =IF(F13=G13,"Match","MISMATCH") | I13: =Provider_Source!C13 | J13: =XLOOKUP($A13,Directory_Output!$A$2:$A$201,Directory_Output!$C$2:$C$201,"NOT FOUND") | K13: =IF(I13=J13,"Match","MISMATCH") | L13: =Provider_Source!I13 | M13: =XLOOKUP($A13,Directory_Output!$A$2:$A$201,Directory_Output!$I$2:$I$201,"NOT FOUND") | N13: =IF(L13=M13,"Match","MISMATCH") | O13: =Provider_Source!J13 | P13: =XLOOKUP($A13,Directory_Output!$A$2:$A$201,Directory_Output!$J$2:$J$201,"NOT FOUND") | Q13: =IF(O13=P13,"Match","MISMATCH") | R13: =COUNTIF(E13:Q13,"MISMATCH") | S13: =IF(R13=0,"Clean","Needs Review")
... A201: =Provider_Source!A201 | B201: =Provider_Source!B201 | C201: =Provider_Source!H201 | D201: =XLOOKUP($A201,Directory_Output!$A$2:$A$201,Directory_Output!$H$2:$H$201,"NOT FOUND") | E201: =IF(C201=D201,"Match","MISMATCH") | F201: =Provider_Source!D201 | G201: =XLOOKUP($A201,Directory_Output!$A$2:$A$201,Directory_Output!$D$2:$D$201,"NOT FOUND") | H201: =IF(F201=G201,"Match","MISMATCH") | I201: =Provider_Source!C201 | J201: =XLOOKUP($A201,Directory_Output!$A$2:$A$201,Directory_Output!$C$2:$C$201,"NOT FOUND") | K201: =IF(I201=J201,"Match","MISMATCH") | L201: =Provider_Source!I201 | M201: =XLOOKUP($A201,Directory_Output!$A$2:$A$201,Directory_Output!$I$2:$I$201,"NOT FOUND") | N201: =IF(L201=M201,"Match","MISMATCH") | O201: =Provider_Source!J201 | P201: =XLOOKUP($A201,Directory_Output!$A$2:$A$201,Directory_Output!$J$2:$J$201,"NOT FOUND") | Q201: =IF(O201=P201,"Match","MISMATCH") | R201: =COUNTIF(E201:Q201,"MISMATCH") | S201: =IF(R201=0,"Clean","Needs Review")

Sheet Summary
A1: Directory Accuracy Audit — Summary
A3: Total Provider Records | B3: =COUNTA(Audit!$A$2:$A$201)
A4: Records with >=1 Discrepancy | B4: =COUNTIF(Audit!$S$2:$S$201,"Needs Review")
A5: Record-Level Accuracy Rate | B5: =1-B4/B3
A6: Total Field-Level Errors | B6: =COUNTIF(Audit!$E$2:$Q$201,"MISMATCH")
A7: CMS National Benchmark (records with >=1 inaccuracy) | B7: 0.49 | C7: Source: CMS Online Provider Directory Review Report — ~49% of locations had at least one inaccuracy
A9: Errors by Field
A10: Field | B10: Mismatches | C10: Error Rate
A11: Phone Number | B11: =COUNTIF(Audit!$E$2:$E$201,"MISMATCH") | C11: =B11/$B$3
A12: Address | B12: =COUNTIF(Audit!$H$2:$H$201,"MISMATCH") | C12: =B12/$B$3
A13: Specialty | B13: =COUNTIF(Audit!$K$2:$K$201,"MISMATCH") | C13: =B13/$B$3
A14: Network Status | B14: =COUNTIF(Audit!$N$2:$N$201,"MISMATCH") | C14: =B14/$B$3
A15: Patient Acceptance | B15: =COUNTIF(Audit!$Q$2:$Q$201,"MISMATCH") | C15: =B15/$B$3
A16: Total | B16: =SUM(B11:B15)
A18: Compliance note: under the No Surprises Act, flagged records must be corrected within 2 business days of verification.
